zeit,station,status,e10
2026-10-02 10:20:43,REWE Memmingen,open,2.049
2026-10-02 10:20:43,Eni Heimertingen,open,2.059
2026-10-02 11:51:36,REWE Memmingen,open,2.039
2026-10-02 11:51:36,Eni Heimertingen,open,2.059
2026-10-02 14:25:41,REWE Memmingen,open,2.109
2026-10-02 14:25:41,Eni Heimertingen,open,2.149
2026-10-02 14:30:43,REWE Memmingen,open,2.109
2026-10-02 14:30:43,Eni Heimertingen,open,2.139
2026-10-02 14:33:47,REWE Memmingen,open,2.109
2026-10-02 14:33:47,Eni Heimertingen,open,2.139
2026-10-02 14:34:27,REWE Memmingen,open,2.109
2026-10-02 14:34:27,Eni Heimertingen,open,2.139
